semantic_similarity,skill_overlap,experience_match,label
0.4809050891355219,0.6420316461542878,0.10312386883593261,0
0.9130357298074372,0.08413996499504883,0.9025529066795667,0
0.7489954563585539,0.16162871409461377,0.5052523724478571,0
0.6489938631477774,0.8985541885270792,0.8264574661077416,1
0.31701398033182737,0.6064290596595899,0.32004960103061175,0
0.316995890252152,0.009197051616629648,0.8955232284962005,0
0.2435627091261496,0.1014715428660321,0.3892016787341631,0
0.8496321093312014,0.6635017691080558,0.01083765148029836,1
0.6508362588074066,0.005061583846218687,0.9053819764192637,0
0.7310544333470341,0.16080805141749865,0.09128667678613356,0
0.21543837072185185,0.5487337893665861,0.31931363759041487,0
0.9274323891214957,0.6918951976926933,0.9500619670508049,1
0.8243319806003162,0.6519612595026005,0.9506071469375561,1
0.3592543330087071,0.22426930946055978,0.5734378881232861,0
0.3363687254053255,0.7121792213475359,0.6318372121697993,0
0.3375533823900754,0.23724908749680007,0.44844552197831977,0
0.4281816822196533,0.3253996981592677,0.29321077169806453,0
0.5935673237241783,0.7464914051180241,0.32866454536991596,1
0.5239587639815868,0.6496328990472147,0.6725184560770384,0
0.4184218551485315,0.8492234104941779,0.75237452943768,0
0.6588896710417846,0.6576128923003434,0.7915790437258485,1
0.3046203954890314,0.5683086033354716,0.7896181427945539,0
0.4191084864014136,0.09367476782809248,0.09120610304869037,0
0.4747713824702688,0.3677158030594335,0.49442030470258147,0
0.542052488162777,0.26520236768172545,0.057558760016644284,0
0.7888819710447601,0.24398964337908358,0.5495288823237355,0
0.3497553366187698,0.9730105547524456,0.441530501373377,0
0.5856758288102086,0.3930977246667604,0.8877041827582998,0
0.6443109266465319,0.8920465551771133,0.3509150125520787,1
0.2348378095399983,0.6311386259972629,0.11706701642760586,0
0.6556586389260788,0.7948113035416484,0.14299168205283586,1
0.32789309276546863,0.5026370931051921,0.7615106317174722,0
0.24878869473895965,0.5769038846263591,0.6182180633162611,0
0.91166415294,0.4925176938188639,0.10112267612279024,1
0.9242240248059195,0.1952429877980445,0.08410680611499743,0
0.8062980110873459,0.7224521152615053,0.70096913145912,1
0.428460326880028,0.2807723624408558,0.07276300636419353,0
0.2732540855047879,0.02431596643145384,0.8218600592903562,0
0.7131747698841178,0.6454722959071678,0.7062422271564962,1
0.530114370304701,0.17711067940704894,0.08134878064189976,0
0.29152867613358413,0.9404585843529143,0.08483771408519192,0
0.5713826825834527,0.9539285770025874,0.9866395785011755,1
0.2257913908364138,0.9148643902204485,0.3742707957561203,0
0.8819903015590866,0.3701587002554444,0.3706421470668909,0
0.3940849862000127,0.015456616528867428,0.8127995672575026,0
0.6968917132654865,0.9283185625877254,0.9472485773838587,1
0.43378330706705825,0.42818414831731433,0.9860010638228709,0
0.5900510158833581,0.9666548190436696,0.7533781852589416,1
0.6100327095074598,0.9636199770892528,0.37625958553091576,1
0.3386408416441453,0.8530094554673601,0.08350071669866876,0
0.9271884708234188,0.2944488920695857,0.7771469159274368,0
0.7813496175208359,0.38509772860192526,0.558404249735805,0
0.9046242061731418,0.8511366715168569,0.4242220092469763,1
0.8711205128207367,0.31692200515627766,0.906354385094736,0
0.6484249841083138,0.1694927466860925,0.11119748230615134,0
0.8914056762673377,0.5568012624583502,0.49262510429085915,1
0.26636937653893966,0.936154774160781,0.011353644767419069,0
0.34698714681435894,0.696029796674973,0.46866064199412627,0
0.23392046668290356,0.570061170089365,0.05630327568183735,0
0.4439977480724483,0.09717649377076854,0.11881791626807192,0
0.4915079672671115,0.6150072266991697,0.11752624677710488,0
0.4035117738304219,0.9900538501042633,0.6492103021160636,0
0.8215531318639471,0.14008401523652403,0.7460448792654233,0
0.46756499502019194,0.5183296523637367,0.5833687650971596,0
0.4107008822655356,0.8773730719279554,0.9621725484745419,0
0.6070220623686864,0.7407686177542044,0.37487057952370406,1
0.305693168731072,0.697015740995268,0.28571208628186073,0
0.8016477355655298,0.7024840839871093,0.8685991281894603,1
0.2559129827598281,0.35949115121975517,0.22359583851945264,0
0.9401652024503879,0.29359184426449336,0.9632225394406113,0
0.7791835769724931,0.8093611554785136,0.012154474689816341,1
0.3490367611506293,0.8101133946791808,0.969878826707639,0
0.2041415878427018,0.8670723185801037,0.04315991195057611,0
0.8115960713411257,0.9132405525564713,0.8911431136980711,1
0.7301430078857127,0.5113423988609378,0.5277011090862999,1
0.7467553760307404,0.5015162946871996,0.9929647961193003,1
0.7784527600144593,0.7982951789667752,0.07379656473539886,1
0.2555334888005678,0.6499639307777652,0.5538542844013208,0
0.46884929640820444,0.7019668772577033,0.969302535619099,0
0.2869017946438473,0.795792669436101,0.5230978441701488,0
0.8473275694066951,0.8900053418175663,0.6293986381352625,1
0.6674735951206685,0.3379951568515358,0.6957486889846172,0
0.4481735186394869,0.375582952639944,0.45454106476777323,0
0.24766876271451774,0.093981939840869,0.6275580800840634,0
0.43323674128674666,0.578280140996174,0.5843143119231002,0
0.4438874915200603,0.035942273796742086,0.901158010490989,0
0.7472046337535481,0.46559801813246016,0.04544638034145787,1
0.6781681035164098,0.5426446347075766,0.2809631895922303,1
0.8654095569322449,0.2865412521282844,0.9504114840765587,0
0.5541611938714619,0.5908332605690108,0.8902637838909163,1
0.2896956844537263,0.03050024993904943,0.45565675278571294,0
0.7349335904172463,0.03734818874921442,0.6201325978015367,0
0.770588786462673,0.8226005606596583,0.2773811829811327,1
0.6209578981771222,0.3601906414112629,0.1881211597237613,0
0.7782253849659206,0.12706051265188478,0.46369840493998216,0
0.5703466972732931,0.5222432600548044,0.3533522280260528,1
0.5920496220364955,0.7699935530986108,0.5836561118508721,1
0.5206557637689122,0.21582102749684318,0.07773463696498484,0
0.2190643450580714,0.6228904758190003,0.9743948076661665,0
0.28091857024497835,0.085347464993768,0.9862107444796029,0
0.2235718892650507,0.0516817211686077,0.6981617140197451,0
0.6773078084478352,0.531354631568148,0.5360963663441204,1
0.43576698580724504,0.5406351216101065,0.30952761628632774,0
0.5814280183735271,0.6374299014982066,0.8137950197069487,1
0.8806748554445698,0.7260913337226615,0.6847311725538793,1
0.38696917186165625,0.9758520794625346,0.1626169393448913,0
0.5077871922767223,0.5163003483011953,0.9109271844938425,0
0.7666633539072865,0.32295647294124596,0.822537242923169,0
0.37159862411871686,0.7951861947687037,0.949799913291924,0
0.2577349323715947,0.2708322512620742,0.72571950838836,0
0.41731358968532606,0.4389714207056361,0.6134151959357899,0
0.3209159654405033,0.07845638134226596,0.4182430362906189,0
0.8972732392569298,0.02535074341545751,0.9327284833540133,0
0.8060902846733127,0.9626484146779251,0.8660638895004084,1
0.6750528173828176,0.8359801205122058,0.04521867010618941,1
0.8535954426407883,0.695974206093698,0.026366974497252005,1
0.8027540576743359,0.4089529444142699,0.3764633668780496,1
0.33992754416452686,0.17329432007084578,0.8105533307818329,0
0.8694192488674832,0.15643704267108605,0.9872761293149445,0
0.6045066814367381,0.25024289816459533,0.15041689110352818,0
0.8055801163730469,0.5492266647061205,0.5941307153521351,1
0.87206847494262,0.7145959227000623,0.3808908566310215,1
0.4385026062288979,0.6601973767177313,0.9699143978146032,0
0.2825389433957576,0.27993389694594284,0.8421189231357087,0
0.3709513719064563,0.9548652806631941,0.8383287047111379,0
0.5203308414696923,0.7378969166957685,0.4686931597949703,0
0.8135110744418699,0.5543540525114007,0.4148195023376652,1
0.8455479374422576,0.6117207462343522,0.27340707193070624,1
0.20521409789839304,0.4196000624277899,0.056375496650927115,0
0.5830604769331743,0.24773098950115746,0.8647223762550532,0
0.5130582523615843,0.3559726786512616,0.8129010091300776,0
0.3665808578530477,0.7578461104643691,0.9997176732861306,0
0.28989902550026214,0.014393488629755868,0.9966368370739054,0
0.453211378552721,0.11607264050691624,0.5554317056026274,0
0.9071822779343894,0.04600264202175275,0.7689874151805105,0
0.44240219901556643,0.040728802318970136,0.944765729882428,0
0.5890929663075246,0.8554605840110072,0.8496473906774115,1
0.7272642191713834,0.7036578593800237,0.24734810174319766,1
0.4727222017844705,0.4741738290873252,0.4505441353100935,0
0.9288365620407204,0.09783416065100148,0.12915941515149498,0
0.9218354712065835,0.49161587511683236,0.9540510272587224,1
0.3888367218690231,0.4734717707805657,0.60617463445088,0
0.5729363794192891,0.17320186991001518,0.22864280550346272,0
0.42565873236257723,0.43385164923797304,0.6717006844058567,0
0.4136303707831007,0.39850473439737344,0.6181282404578958,0
0.2276652105158996,0.6158500980522165,0.3581627180328405,0
0.6571732504849226,0.6350936508676438,0.11355759219962902,1
0.577009267421646,0.04530400977204452,0.6715731955927996,0
0.23860906343749202,0.3746126146264712,0.5203077009037933,0
0.4089848481774586,0.6258599157142364,0.7723183917356393,0
0.8811994144749902,0.5031362585800877,0.5201635011119934,1
0.3796714180002293,0.8564898411883223,0.8521815003185401,0
0.30867115406841733,0.658693631618945,0.5519068387744855,0
0.5670895702081722,0.1629344270814297,0.5609379715353863,0
0.9392378405829505,0.07056874740042984,0.876653602658345,0
0.38154145363362535,0.6424192782063156,0.40348286621239704,0
0.7041016605544088,0.026511310541621813,0.13401522845064073,0
0.7712147114965382,0.5857755812734633,0.028782676313338973,1
0.37822815799429976,0.9402302414249576,0.755137255673619,0
0.7461622614588947,0.575474177875879,0.6203095513534647,1
0.47583734953943996,0.3881699262065219,0.7040797680992236,0
0.6742293729451847,0.6432882184423532,0.21296416150891073,1
0.6751472830706711,0.45825289049151663,0.13637147558676976,1
0.6018310130560689,0.5456167893159349,0.014544665667881929,1
0.26771732754080624,0.9414648087765252,0.350587558806597,0
0.8264768716919284,0.38610263780077425,0.5899176868546331,0
0.4405850487288019,0.9611905638239142,0.3922440450997323,0
0.3398888827998907,0.9053506419560637,0.43747492202372906,0
0.23058135616607295,0.19579113478929644,0.9041586944937484,0
0.6431697073911813,0.06936130087516545,0.34825546702330035,0
0.7081732713817117,0.10077800137742665,0.5139894891598108,0
0.21244087169589213,0.018221825651549728,0.7836530127411431,0
0.5840697937244608,0.0944429607559284,0.39654278232127016,0
0.3698718313984535,0.6830067734163568,0.6220867002278735,0
0.6838795928070873,0.07118864846022899,0.8623637087467452,0
0.3307748217537436,0.3189756302937613,0.9495206236576421,0
0.7182033035768494,0.8448753109694546,0.14707348092903794,1
0.49005150972540307,0.023271935735825866,0.9265876251614944,0
0.9025474915525509,0.8144684825889358,0.4921162930795382,1
0.30314070810949495,0.28185477477339993,0.25824438829895835,0
0.4557997632876939,0.11816482762165625,0.4591357562382613,0
0.2851051409304418,0.6967371653641506,0.980032575285477,0
0.893520213708922,0.628942846779884,0.4926180939928696,1
0.8580045150357358,0.877472013527053,0.3287516102875082,1
0.3934562207863667,0.7350710438038858,0.6334008543167258,0
0.6949880345256343,0.8034809303848486,0.24014561877819307,1
0.812916650150912,0.2820345725713065,0.07586332810866392,0
0.6164006086995968,0.17743954377972282,0.12887972191064923,0
0.5972379337670048,0.7506147516408583,0.12804583895777244,1
0.3813892181753388,0.806834739267264,0.15190269351229435,0
0.26982707585442445,0.9905051420006733,0.13882717264941014,0
0.8729118184649951,0.4126176769114265,0.6408747448032146,1
0.8753135428724979,0.37201808579278317,0.18188008439914483,0
0.674826092954951,0.7764129607419968,0.3456672833238632,1
0.4542723432865255,0.34080354025301784,0.8967884099060118,0
0.4619071809594957,0.9307573256035647,0.47396164026287235,0
0.7444667591526795,0.8584127518430118,0.6675577385210272,1
0.8728326949644327,0.42899402737501835,0.17231987120162984,1
0.8653148181988379,0.7508710677914974,0.19228901880867078,1
0.7849066593932179,0.7545428740846823,0.04086861626647886,1
